code,system
246S.00,readv2
246C.00,readv2
246T.00,readv2
4010TM,readv2
4010TL,readv2
246N.00,readv2
246D.00,readv2
246P.00,readv2
4010TT,readv2
4010TS,readv2
246W.00,readv2
246c.00,readv2
246V.00,readv2
246d.00,readv2
246R.00,readv2
246Q.00,readv2
246E.00,readv2
4010TU,readv2
4010TV,readv2
246J.00,readv2
2462.00,readv2
246..11,readv2
6623.00,readv2
246..00,readv2
2467.00,readv2
2468.00,readv2
246Z.00,readv2
R1y3.00,readv2
2461.00,readv2
662C.00,readv2
4010C,readv2
4010CA,readv2
246f.00,readv2
246e.00,readv2
2469.00,readv2
2463.00,readv2
2465.00,readv2
246b.00,readv2
246a.00,readv2
246A.00,readv2
2466.00,readv2
R1y2.00,readv2
662L.00,readv2
246F.00,readv2
ZV70B00,readv2
662B.00,readv2
D2530,readv2
246Y.00,readv2
246X.00,readv2
2464.00,readv2
Y060 CA,readv2
Y060 BA,readv2
246G.00,readv2
246B.00,readv2
4010T,readv2
Y060 AA,readv2